{
    "root_group": {
        "groups": {},
        "checks": {},
        "name": "",
        "path": "",
        "id": "d41d8cd98f00b204e9800998ecf8427e"
    },
    "metrics": {
        "http_req_connecting": {
            "med": 0.13209949999999998,
            "max": 64.387514,
            "p(90)": 0.1717304,
            "p(95)": 0.1834131,
            "avg": 0.15151790200000054,
            "min": 0.057004
        },
        "iteration_duration": {
            "med": 60473.8615635,
            "max": 119983.885197,
            "p(90)": 108468.14471190001,
            "p(95)": 114392.1292312,
            "avg": 60343.8987336951,
            "min": 506.74533
        },
        "data_received": {
            "rate": 18060.362129503043,
            "count": 2168894
        },
        "vus": {
            "value": 16,
            "min": 0,
            "max": 9934
        },
        "http_req_duration{expected_response:true}": {
            "avg": 2.4286867408000083,
            "min": 0.294966,
            "med": 0.920879,
            "max": 517.987648,
            "p(90)": 1.7963910000000003,
            "p(95)": 2.6793971999999977
        },
        "http_req_sending": {
            "med": 0.041997,
            "max": 7.72116,
            "p(90)": 0.06410410000000001,
            "p(95)": 0.0733963,
            "avg": 0.045974902499999845,
            "min": 0.015427
        },
        "vus_max": {
            "value": 10000,
            "min": 8991,
            "max": 10000
        },
        "http_req_blocked": {
            "min": 0.081453,
            "med": 0.190271,
            "max": 64.649252,
            "p(90)": 0.24443350000000003,
            "p(95)": 0.26110845,
            "avg": 0.21208330869999978
        },
        "http_req_receiving": {
            "avg": 0.10696926210000002,
            "min": 0.025056,
            "med": 0.072009,
            "max": 8.222689,
            "p(90)": 0.1750079,
            "p(95)": 0.24211964999999938
        },
        "http_req_waiting": {
            "avg": 2.275742576199988,
            "min": 0.229447,
            "med": 0.7865455,
            "max": 517.896811,
            "p(90)": 1.5663060000000004,
            "p(95)": 2.3924433999999994
        },
        "iterations": {
            "count": 10000,
            "rate": 83.26991604708687
        },
        "data_sent": {
            "count": 1817075,
            "rate": 15130.768270126036
        },
        "http_req_failed": {
            "passes": 0,
            "fails": 10000,
            "thresholds": {
                "rate<0.01": false
            },
            "value": 0
        },
        "http_req_tls_handshaking": {
            "avg": 0,
            "min": 0,
            "med": 0,
            "max": 0,
            "p(90)": 0,
            "p(95)": 0
        },
        "http_req_duration": {
            "p(90)": 1.7963910000000003,
            "p(95)": 2.6793971999999977,
            "avg": 2.4286867408000083,
            "min": 0.294966,
            "med": 0.920879,
            "max": 517.987648
        },
        "http_reqs": {
            "count": 10000,
            "rate": 83.26991604708687
        }
    }
}