{
    "metrics": {
        "http_req_receiving": {
            "p(95)": 0.08226179999999998,
            "avg": 0.055635368999999955,
            "min": 0.029651,
            "med": 0.0533445,
            "max": 0.236289,
            "p(90)": 0.0747906
        },
        "data_sent": {
            "count": 181707,
            "rate": 3036.0423270874867
        },
        "http_reqs": {
            "count": 1000,
            "rate": 16.70845001616606
        },
        "iteration_duration": {
            "avg": 29636.87516897701,
            "min": 254.607252,
            "med": 29162.28093,
            "max": 59835.42675,
            "p(90)": 54735.194075,
            "p(95)": 57364.0337397
        },
        "http_req_duration": {
            "avg": 0.6538179819999997,
            "min": 0.365284,
            "med": 0.6458375000000001,
            "max": 9.092841,
            "p(90)": 0.7581598,
            "p(95)": 0.7874277999999999
        },
        "http_req_duration{expected_response:true}": {
            "min": 0.365284,
            "med": 0.6458375000000001,
            "max": 9.092841,
            "p(90)": 0.7581598,
            "p(95)": 0.7874277999999999,
            "avg": 0.6538179819999997
        },
        "http_req_connecting": {
            "min": 0.067319,
            "med": 0.152038,
            "max": 9.770747,
            "p(90)": 0.18046310000000002,
            "p(95)": 0.19074315,
            "avg": 0.16190310000000022
        },
        "vus": {
            "value": 21,
            "min": 21,
            "max": 991
        },
        "http_req_blocked": {
            "avg": 0.22554686299999988,
            "min": 0.102146,
            "med": 0.21450249999999998,
            "max": 9.814145,
            "p(90)": 0.2560388,
            "p(95)": 0.2666224
        },
        "http_req_waiting": {
            "avg": 0.547297316999999,
            "min": 0.305936,
            "med": 0.537836,
            "max": 8.803786,
            "p(90)": 0.6383462,
            "p(95)": 0.66721665
        },
        "http_req_failed": {
            "passes": 0,
            "fails": 1000,
            "thresholds": {
                "rate<0.01": false
            },
            "value": 0
        },
        "data_received": {
            "count": 218000,
            "rate": 3642.4421035242017
        },
        "vus_max": {
            "value": 1000,
            "min": 1000,
            "max": 1000
        },
        "http_req_sending": {
            "avg": 0.05088529599999999,
            "min": 0.021826,
            "med": 0.048599,
            "max": 0.118636,
            "p(90)": 0.0711876,
            "p(95)": 0.0782593
        },
        "iterations": {
            "count": 1000,
            "rate": 16.70845001616606
        },
        "http_req_tls_handshaking": {
            "min": 0,
            "med": 0,
            "max": 0,
            "p(90)": 0,
            "p(95)": 0,
            "avg": 0
        }
    },
    "root_group": {
        "name": "",
        "path": "",
        "id": "d41d8cd98f00b204e9800998ecf8427e",
        "groups": {},
        "checks": {}
    }
}