{
    "metrics": {
        "http_req_duration{expected_response:true}": {
            "min": 0.319392,
            "med": 0.564377,
            "max": 13.431018,
            "p(90)": 0.7134765,
            "p(95)": 0.7697868500000001,
            "avg": 0.5809377765999988
        },
        "data_received": {
            "count": 1090000,
            "rate": 18150.641095974974
        },
        "iteration_duration": {
            "avg": 29895.3432375172,
            "min": 18.678895,
            "med": 29641.3632875,
            "max": 59978.885392,
            "p(90)": 54079.5728066,
            "p(95)": 57276.87262795
        },
        "http_req_duration": {
            "med": 0.564377,
            "max": 13.431018,
            "p(90)": 0.7134765,
            "p(95)": 0.7697868500000001,
            "avg": 0.5809377765999988,
            "min": 0.319392
        },
        "iterations": {
            "count": 5000,
            "rate": 83.2598215411696
        },
        "http_reqs": {
            "rate": 83.2598215411696,
            "count": 5000
        },
        "http_req_connecting": {
            "p(95)": 0.18091970000000002,
            "avg": 0.14279734000000033,
            "min": 0.054016,
            "med": 0.130162,
            "max": 11.242759,
            "p(90)": 0.1697664
        },
        "http_req_receiving": {
            "avg": 0.05232395240000003,
            "min": 0.022738,
            "med": 0.048112,
            "max": 3.956463,
            "p(90)": 0.07070310000000002,
            "p(95)": 0.08080195
        },
        "vus_max": {
            "value": 5000,
            "min": 5000,
            "max": 5000
        },
        "http_req_failed": {
            "passes": 0,
            "fails": 5000,
            "thresholds": {
                "rate<0.01": false
            },
            "value": 0
        },
        "http_req_blocked": {
            "p(95)": 0.2547993,
            "avg": 0.20028969360000018,
            "min": 0.08252,
            "med": 0.1856085,
            "max": 11.303529,
            "p(90)": 0.24023350000000002
        },
        "http_req_tls_handshaking": {
            "avg": 0,
            "min": 0,
            "med": 0,
            "max": 0,
            "p(90)": 0,
            "p(95)": 0
        },
        "http_req_waiting": {
            "max": 13.249221,
            "p(90)": 0.5970169,
            "p(95)": 0.6443005500000001,
            "avg": 0.48454394500000053,
            "min": 0.246423,
            "med": 0.4695245
        },
        "http_req_sending": {
            "med": 0.041388,
            "max": 0.212596,
            "p(90)": 0.0627891,
            "p(95)": 0.07077989999999999,
            "avg": 0.04406987919999997,
            "min": 0.015818
        },
        "vus": {
            "value": 57,
            "min": 57,
            "max": 4973
        },
        "data_sent": {
            "count": 908523,
            "rate": 15128.692569209607
        }
    },
    "root_group": {
        "id": "d41d8cd98f00b204e9800998ecf8427e",
        "groups": {},
        "checks": {},
        "name": "",
        "path": ""
    }
}